order_id,customer_id,order_date,order_status
O1,C173,2023-05-22,Shipped
O2,C116,2025-04-15,Pending
O3,C16,2024-12-13,Delivered
O4,C3,2023-01-05,Cancelled
O5,C46,2022-07-14,Delivered
O6,C141,2022-12-11,Delivered
O7,C67,2025-02-15,Shipped
O8,C60,2025-03-14,Pending
O9,C16,2024-12-19,Delivered
O10,C72,2023-04-08,Cancelled
O11,C141,2022-12-23,Cancelled
O12,C53,2024-03-07,Cancelled
O13,C165,2022-04-21,Shipped
O14,C71,2024-11-01,Delivered
O15,C167,2023-05-27,Cancelled
O16,C76,2024-05-12,Cancelled
O17,C153,2022-07-14,Delivered
O18,C183,2024-02-20,Pending
O19,C23,2025-12-12,Delivered
O20,C7,2022-08-25,Delivered
O21,C170,2022-10-07,Shipped
O22,C119,2024-03-04,Shipped
O23,C14,2022-12-01,Cancelled
O24,C88,2023-10-18,Cancelled
O25,C177,2023-08-07,Shipped
O26,C72,2025-12-25,Pending
O27,C93,2022-08-19,Shipped
O28,C122,2023-07-01,Cancelled
O29,C148,2023-02-27,Delivered
O30,C97,2024-09-06,Pending
O31,C154,2022-10-17,Shipped
O32,C197,2025-12-06,Pending
O33,C24,2022-05-11,Cancelled
O34,C82,2025-11-14,Cancelled
O35,C116,2024-10-01,Pending
O36,C13,2025-05-27,Delivered
O37,C148,2025-03-14,Delivered
O38,C157,2024-09-08,Shipped
O39,C146,2025-09-01,Shipped
O40,C104,2023-08-03,Cancelled
O41,C47,2022-03-10,Pending
O42,C26,2023-01-13,Delivered
O43,C91,2022-09-18,Cancelled
O44,C36,2025-04-09,Delivered
O45,C126,2025-04-18,Shipped
O46,C127,2022-02-10,Shipped
O47,C51,2024-07-07,Pending
O48,C194,2022-03-19,Shipped
O49,C171,2025-11-04,Delivered
O50,C25,2025-04-13,Cancelled
O51,C59,2025-12-16,Shipped
O52,C184,2025-04-28,Shipped
O53,C70,2025-10-26,Shipped
O54,C111,2022-11-05,Shipped
O55,C160,2023-11-08,Delivered
O56,C116,2025-08-03,Shipped
O57,C100,2024-05-02,Delivered
O58,C190,2022-04-23,Delivered
O59,C188,2024-06-22,Delivered
O60,C200,2025-05-22,Pending
O61,C35,2025-05-10,Cancelled
O62,C60,2023-12-12,Pending
O63,C103,2023-06-22,Shipped
O64,C145,2024-05-26,Cancelled
O65,C23,2023-09-25,Shipped
O66,C36,2022-07-10,Delivered
O67,C92,2023-07-25,Shipped
O68,C83,2022-12-09,Pending
O69,C188,2022-06-03,Shipped
O70,C105,2023-02-02,Pending
O71,C172,2023-09-13,Pending
O72,C67,2024-12-03,Pending
O73,C87,2024-10-21,Shipped
O74,C64,2022-11-23,Pending
O75,C115,2025-10-04,Pending
O76,C84,2022-05-15,Delivered
O77,C149,2025-08-10,Pending
O78,C182,2022-07-22,Pending
O79,C56,2023-08-07,Cancelled
O80,C159,2022-02-20,Shipped
O81,C160,2022-09-15,Cancelled
O82,C98,2024-01-07,Pending
O83,C158,2024-06-01,Pending
O84,C109,2023-10-25,Shipped
O85,C155,2022-10-03,Delivered
O86,C164,2022-11-21,Shipped
O87,C68,2025-04-06,Cancelled
O88,C33,2025-07-07,Pending
O89,C36,2025-09-08,Delivered
O90,C38,2022-10-03,Shipped
O91,C84,2023-11-10,Shipped
O92,C52,2025-11-14,Delivered
O93,C96,2025-05-15,Cancelled
O94,C189,2023-12-27,Pending
O95,C146,2025-08-22,Delivered
O96,C35,2022-04-20,Pending
O97,C70,2023-02-18,Delivered
O98,C138,2025-06-17,Pending
O99,C103,2024-08-25,Pending
O100,C196,2022-04-16,Delivered
O101,C170,2024-09-20,Pending
O102,C38,2022-03-28,Delivered
O103,C25,2024-02-28,Shipped
O104,C160,2023-02-04,Delivered
O105,C123,2023-01-15,Pending
O106,C108,2024-02-05,Pending
O107,C16,2023-12-28,Pending
O108,C44,2023-01-04,Cancelled
O109,C89,2024-06-07,Pending
O110,C179,2025-08-27,Delivered
O111,C46,2022-11-02,Shipped
O112,C149,2023-09-08,Delivered
O113,C180,2024-03-23,Cancelled
O114,C39,2023-03-07,Pending
O115,C169,2022-09-16,Delivered
O116,C76,2024-01-19,Delivered
O117,C114,2024-05-12,Shipped
O118,C118,2023-08-04,Shipped
O119,C84,2023-07-25,Delivered
O120,C9,2024-01-06,Cancelled
O121,C150,2023-10-21,Shipped
O122,C18,2025-04-11,Cancelled
O123,C84,2025-06-25,Pending
O124,C132,2024-04-15,Cancelled
O125,C82,2022-12-25,Pending
O126,C21,2023-12-03,Delivered
O127,C147,2024-05-05,Cancelled
O128,C21,2023-07-17,Delivered
O129,C94,2024-12-20,Cancelled
O130,C40,2024-10-06,Shipped
O131,C171,2022-10-01,Cancelled
O132,C53,2022-07-18,Cancelled
O133,C131,2023-08-06,Cancelled
O134,C105,2025-06-24,Cancelled
O135,C146,2025-06-07,Shipped
O136,C51,2023-10-14,Shipped
O137,C17,2025-12-20,Delivered
O138,C14,2025-06-04,Delivered
O139,C27,2022-03-21,Shipped
O140,C103,2023-04-26,Cancelled
O141,C176,2023-09-05,Cancelled
O142,C66,2022-11-11,Cancelled
O143,C143,2024-09-23,Pending
O144,C159,2025-01-10,Shipped
O145,C128,2022-06-09,Cancelled
O146,C85,2022-08-05,Delivered
O147,C173,2023-04-15,Shipped
O148,C38,2023-03-08,Cancelled
O149,C36,2024-04-11,Shipped
O150,C109,2024-12-21,Delivered
O151,C109,2023-03-26,Delivered
O152,C74,2024-05-05,Shipped
O153,C140,2023-07-01,Shipped
O154,C22,2025-11-23,Shipped
O155,C76,2022-12-23,Delivered
O156,C13,2024-03-08,Shipped
O157,C173,2024-11-25,Delivered
O158,C80,2022-07-11,Cancelled
O159,C48,2024-02-21,Delivered
O160,C150,2024-12-02,Delivered
O161,C142,2024-02-14,Shipped
O162,C93,2024-01-09,Shipped
O163,C146,2025-07-17,Shipped
O164,C128,2025-02-17,Shipped
O165,C63,2024-12-02,Shipped
O166,C107,2023-11-14,Cancelled
O167,C150,2025-04-25,Delivered
O168,C48,2023-03-04,Shipped
O169,C12,2022-10-15,Cancelled
O170,C14,2022-04-08,Delivered
O171,C37,2023-11-04,Delivered
O172,C177,2025-03-21,Delivered
O173,C106,2022-09-14,Cancelled
O174,C164,2025-02-28,Delivered
O175,C82,2025-10-15,Cancelled
O176,C71,2022-12-09,Cancelled
O177,C147,2024-07-08,Cancelled
O178,C76,2022-11-05,Cancelled
O179,C106,2023-04-17,Cancelled
O180,C107,2022-10-15,Cancelled
O181,C37,2022-07-14,Delivered
O182,C187,2023-02-19,Delivered
O183,C120,2022-05-02,Cancelled
O184,C100,2025-07-26,Pending
O185,C94,2022-08-15,Pending
O186,C182,2023-06-03,Delivered
O187,C91,2023-09-22,Delivered
O188,C174,2024-11-13,Shipped
O189,C69,2023-12-27,Shipped
O190,C193,2022-12-27,Pending
O191,C179,2022-10-01,Cancelled
O192,C187,2023-01-15,Shipped
O193,C122,2022-01-15,Shipped
O194,C79,2025-12-05,Delivered
O195,C160,2022-10-05,Shipped
O196,C30,2025-12-20,Pending
O197,C115,2025-12-22,Cancelled
O198,C8,2025-10-22,Delivered
O199,C33,2023-05-17,Delivered
O200,C119,2024-10-24,Shipped
O201,C116,2022-03-18,Pending
O202,C176,2024-12-13,Cancelled
O203,C105,2024-09-20,Cancelled
O204,C148,2025-05-11,Cancelled
O205,C118,2022-07-05,Cancelled
O206,C123,2025-05-23,Shipped
O207,C198,2025-07-28,Pending
O208,C80,2022-11-13,Shipped
O209,C134,2022-05-21,Delivered
O210,C132,2022-02-05,Shipped
O211,C182,2024-03-25,Shipped
O212,C73,2024-05-23,Pending
O213,C140,2023-03-03,Cancelled
O214,C153,2023-01-12,Cancelled
O215,C62,2025-02-11,Cancelled
O216,C167,2025-09-17,Delivered
O217,C2,2024-12-21,Delivered
O218,C87,2023-03-04,Delivered
O219,C196,2025-06-18,Delivered
O220,C151,2022-09-10,Delivered
O221,C85,2024-09-06,Shipped
O222,C15,2024-10-06,Shipped
O223,C118,2022-05-13,Cancelled
O224,C164,2023-03-26,Delivered
O225,C118,2022-03-07,Pending
O226,C96,2024-10-06,Delivered
O227,C12,2022-07-28,Pending
O228,C174,2022-04-08,Shipped
O229,C62,2024-03-07,Pending
O230,C70,2024-09-10,Delivered
O231,C6,2023-06-02,Cancelled
O232,C150,2024-04-12,Shipped
O233,C123,2022-06-01,Pending
O234,C137,2022-09-09,Delivered
O235,C119,2024-03-09,Delivered
O236,C76,2022-07-20,Cancelled
O237,C165,2024-07-01,Delivered
O238,C165,2025-10-09,Shipped
O239,C13,2023-07-07,Shipped
O240,C166,2025-09-28,Shipped
O241,C133,2024-03-09,Shipped
O242,C176,2022-09-22,Delivered
O243,C60,2023-03-09,Cancelled
O244,C63,2025-02-10,Cancelled
O245,C157,2025-08-04,Cancelled
O246,C197,2022-12-01,Shipped
O247,C130,2023-07-27,Pending
O248,C154,2025-12-06,Shipped
O249,C15,2023-09-16,Cancelled
O250,C173,2022-12-01,Cancelled
O251,C136,2025-11-10,Cancelled
O252,C82,2024-07-14,Cancelled
O253,C26,2025-02-26,Cancelled
O254,C116,2025-08-27,Cancelled
O255,C138,2025-07-19,Shipped
O256,C96,2025-01-23,Pending
O257,C60,2023-06-08,Shipped
O258,C99,2024-09-13,Delivered
O259,C93,2025-11-23,Pending
O260,C99,2022-02-09,Cancelled
O261,C177,2023-06-01,Delivered
O262,C6,2023-01-07,Delivered
O263,C82,2024-11-07,Cancelled
O264,C29,2023-01-11,Shipped
O265,C124,2025-07-27,Shipped
O266,C168,2025-01-09,Shipped
O267,C57,2025-12-25,Cancelled
O268,C78,2025-09-10,Delivered
O269,C149,2024-12-21,Delivered
O270,C131,2025-07-20,Delivered
O271,C160,2025-08-17,Delivered
O272,C128,2022-05-27,Cancelled
O273,C19,2025-02-09,Cancelled
O274,C170,2024-08-11,Cancelled
O275,C113,2023-12-09,Shipped
O276,C167,2025-05-20,Cancelled
O277,C160,2023-09-09,Cancelled
O278,C39,2022-05-09,Delivered
O279,C154,2025-12-01,Pending
O280,C117,2023-01-05,Cancelled
O281,C116,2024-12-10,Shipped
O282,C167,2022-04-12,Shipped
O283,C130,2025-12-13,Delivered
O284,C196,2024-12-11,Cancelled
O285,C105,2024-11-11,Delivered
O286,C54,2024-09-21,Shipped
O287,C80,2022-10-03,Cancelled
O288,C38,2024-12-22,Delivered
O289,C187,2023-07-14,Pending
O290,C36,2023-04-19,Pending
O291,C9,2025-10-15,Delivered
O292,C39,2024-09-21,Delivered
O293,C117,2025-04-09,Shipped
O294,C121,2023-11-11,Pending
O295,C85,2023-01-21,Delivered
O296,C92,2024-01-07,Shipped
O297,C176,2023-02-05,Delivered
O298,C39,2023-10-13,Delivered
O299,C33,2025-09-10,Delivered
O300,C6,2022-08-14,Shipped
O301,C115,2022-02-01,Pending
O302,C73,2025-03-07,Pending
O303,C188,2022-09-01,Shipped
O304,C139,2023-06-02,Pending
O305,C29,2023-07-23,Delivered
O306,C11,2023-05-08,Pending
O307,C78,2025-07-22,Cancelled
O308,C159,2024-02-03,Cancelled
O309,C40,2024-10-24,Pending
O310,C14,2022-11-15,Delivered
O311,C92,2022-01-06,Shipped
O312,C27,2024-01-11,Cancelled
O313,C55,2022-06-15,Cancelled
O314,C150,2023-12-23,Delivered
O315,C12,2025-12-28,Pending
O316,C64,2025-09-15,Delivered
O317,C170,2023-12-28,Shipped
O318,C191,2023-02-23,Cancelled
O319,C149,2025-02-27,Cancelled
O320,C104,2023-02-06,Pending
O321,C97,2024-10-09,Cancelled
O322,C195,2023-01-07,Shipped
O323,C33,2023-01-10,Pending
O324,C81,2024-04-19,Shipped
O325,C194,2024-07-27,Cancelled
O326,C123,2022-12-10,Cancelled
O327,C112,2025-07-23,Pending
O328,C35,2025-08-03,Cancelled
O329,C83,2024-07-12,Cancelled
O330,C93,2024-08-06,Delivered
O331,C159,2024-02-02,Shipped
O332,C116,2022-05-27,Cancelled
O333,C65,2023-01-09,Cancelled
O334,C41,2023-08-10,Pending
O335,C131,2023-10-16,Delivered
O336,C195,2022-01-26,Cancelled
O337,C182,2025-09-20,Cancelled
O338,C123,2025-08-10,Pending
O339,C147,2023-11-10,Pending
O340,C145,2024-08-18,Cancelled
O341,C178,2025-07-19,Shipped
O342,C182,2024-04-15,Pending
O343,C83,2025-05-06,Shipped
O344,C5,2025-11-28,Cancelled
O345,C76,2024-05-20,Cancelled
O346,C148,2024-08-17,Pending
O347,C72,2023-08-14,Shipped
O348,C8,2022-11-25,Cancelled
O349,C69,2025-03-03,Pending
O350,C148,2023-02-15,Shipped
O351,C37,2022-04-19,Shipped
O352,C161,2024-10-24,Pending
O353,C113,2024-11-26,Pending
O354,C57,2023-11-27,Shipped
O355,C63,2025-04-22,Pending
O356,C92,2023-10-09,Shipped
O357,C157,2024-04-01,Pending
O358,C153,2022-11-02,Pending
O359,C86,2022-02-19,Shipped
O360,C181,2024-10-26,Pending
O361,C182,2025-01-02,Cancelled
O362,C1,2025-01-05,Shipped
O363,C13,2023-12-19,Shipped
O364,C46,2024-02-24,Cancelled
O365,C68,2022-02-02,Pending
O366,C139,2025-10-04,Pending
O367,C48,2025-09-01,Pending
O368,C124,2022-11-13,Cancelled
O369,C145,2022-10-18,Delivered
O370,C160,2022-11-02,Pending
O371,C188,2024-05-03,Delivered
O372,C32,2024-01-15,Shipped
O373,C61,2022-05-28,Cancelled
O374,C61,2023-08-27,Delivered
O375,C186,2025-02-09,Delivered
O376,C188,2023-03-07,Cancelled
O377,C199,2023-07-07,Delivered
O378,C119,2022-03-07,Pending
O379,C69,2022-10-17,Cancelled
O380,C9,2024-04-02,Delivered
O381,C19,2024-11-26,Pending
O382,C79,2023-02-25,Shipped
O383,C141,2024-02-11,Pending
O384,C19,2022-04-18,Delivered
O385,C144,2025-01-18,Delivered
O386,C124,2024-07-11,Shipped
O387,C41,2022-06-28,Pending
O388,C25,2025-09-18,Pending
O389,C104,2023-06-15,Cancelled
O390,C82,2022-11-24,Cancelled
O391,C49,2024-07-28,Shipped
O392,C110,2023-06-03,Cancelled
O393,C159,2022-07-25,Delivered
O394,C49,2024-08-19,Delivered
O395,C97,2022-12-20,Shipped
O396,C118,2025-11-24,Cancelled
O397,C51,2024-08-05,Delivered
O398,C195,2022-03-21,Shipped
O399,C7,2025-03-27,Cancelled
O400,C171,2025-12-22,Shipped
O401,C178,2024-02-23,Delivered
O402,C147,2022-12-25,Pending
O403,C147,2022-11-28,Pending
O404,C37,2024-04-17,Pending
O405,C49,2024-06-05,Cancelled
O406,C86,2023-07-18,Delivered
O407,C6,2022-04-05,Shipped
O408,C163,2022-02-23,Pending
O409,C23,2025-08-10,Cancelled
O410,C79,2024-04-19,Cancelled
O411,C189,2024-03-11,Cancelled
O412,C103,2023-12-14,Shipped
O413,C116,2022-06-23,Shipped
O414,C193,2024-04-07,Cancelled
O415,C184,2023-09-23,Delivered
O416,C45,2025-03-05,Shipped
O417,C152,2023-08-25,Delivered
O418,C94,2023-03-14,Delivered
O419,C198,2023-01-09,Pending
O420,C81,2022-01-07,Delivered
O421,C127,2022-08-02,Shipped
O422,C80,2023-12-07,Shipped
O423,C115,2025-07-02,Cancelled
O424,C138,2022-12-17,Shipped
O425,C138,2022-06-25,Shipped
O426,C145,2023-06-01,Shipped
O427,C185,2025-04-22,Delivered
O428,C35,2022-08-24,Shipped
O429,C40,2024-06-15,Delivered
O430,C132,2022-08-18,Cancelled
O431,C125,2024-11-12,Shipped
O432,C92,2025-04-23,Cancelled
O433,C21,2023-01-01,Pending
O434,C24,2024-09-23,Cancelled
O435,C199,2022-03-13,Pending
O436,C4,2025-09-20,Cancelled
O437,C82,2024-02-19,Shipped
O438,C193,2024-11-11,Shipped
O439,C192,2024-09-10,Cancelled
O440,C34,2024-06-13,Cancelled
O441,C83,2024-04-28,Cancelled
O442,C71,2023-04-11,Cancelled
O443,C199,2023-11-04,Cancelled
O444,C61,2025-12-05,Cancelled
O445,C50,2022-08-03,Cancelled
O446,C61,2023-02-09,Cancelled
O447,C102,2023-06-06,Cancelled
O448,C49,2025-02-26,Cancelled
O449,C130,2023-01-04,Cancelled
O450,C190,2025-12-24,Delivered
O451,C77,2024-11-28,Pending
O452,C111,2024-01-11,Cancelled
O453,C14,2022-11-28,Shipped
O454,C173,2024-01-08,Cancelled
O455,C66,2023-01-18,Delivered
O456,C73,2025-09-21,Shipped
O457,C82,2022-03-05,Cancelled
O458,C159,2022-10-05,Delivered
O459,C84,2022-05-17,Pending
O460,C139,2022-10-23,Pending
O461,C182,2025-08-22,Delivered
O462,C137,2022-11-18,Pending
O463,C30,2024-10-26,Pending
O464,C97,2023-12-20,Pending
O465,C7,2023-03-14,Shipped
O466,C144,2023-09-28,Delivered
O467,C25,2025-08-04,Shipped
O468,C151,2023-06-02,Cancelled
O469,C200,2024-03-28,Delivered
O470,C157,2022-12-06,Delivered
O471,C171,2024-03-03,Shipped
O472,C104,2025-03-14,Delivered
O473,C72,2025-11-27,Pending
O474,C177,2024-04-19,Pending
O475,C91,2024-12-19,Pending
O476,C159,2024-04-20,Shipped
O477,C95,2023-07-26,Cancelled
O478,C44,2025-08-21,Cancelled
O479,C100,2024-01-01,Delivered
O480,C61,2022-04-27,Delivered
O481,C152,2024-12-26,Delivered
O482,C135,2024-11-28,Shipped
O483,C69,2022-09-27,Shipped
O484,C124,2023-08-08,Pending
O485,C96,2022-09-13,Delivered
O486,C75,2022-01-08,Shipped
O487,C171,2022-02-14,Cancelled
O488,C85,2023-05-22,Cancelled
O489,C70,2024-06-24,Pending
O490,C13,2024-07-09,Shipped
O491,C145,2024-09-17,Delivered
O492,C79,2022-11-08,Cancelled
O493,C87,2025-04-06,Pending
O494,C153,2022-06-14,Shipped
O495,C115,2025-03-22,Shipped
O496,C63,2023-04-22,Delivered
O497,C123,2023-07-22,Shipped
O498,C155,2023-11-28,Cancelled
O499,C43,2023-02-02,Delivered
O500,C103,2025-11-14,Pending
O501,C33,2024-08-05,Shipped
O502,C195,2024-01-15,Delivered
O503,C75,2025-05-07,Shipped
O504,C115,2022-03-26,Delivered
O505,C124,2024-09-27,Delivered
O506,C66,2024-02-20,Shipped
O507,C101,2022-01-26,Shipped
O508,C136,2025-09-05,Delivered
O509,C99,2024-02-20,Cancelled
O510,C47,2023-05-21,Delivered
O511,C197,2022-05-14,Delivered
O512,C29,2023-10-16,Pending
O513,C66,2025-02-15,Pending
O514,C143,2025-02-15,Delivered
O515,C56,2024-06-19,Cancelled
O516,C112,2022-06-18,Shipped
O517,C131,2023-06-28,Delivered
O518,C196,2025-04-17,Pending
O519,C192,2023-04-11,Shipped
O520,C142,2024-10-03,Delivered
O521,C143,2023-03-06,Delivered
O522,C73,2023-03-14,Shipped
O523,C20,2024-10-16,Pending
O524,C191,2024-08-18,Shipped
O525,C110,2024-12-14,Delivered
O526,C160,2025-06-07,Pending
O527,C14,2023-09-12,Cancelled
O528,C34,2024-01-12,Cancelled
O529,C72,2025-06-27,Cancelled
O530,C166,2025-09-23,Pending
O531,C191,2024-06-02,Shipped
O532,C54,2025-07-09,Pending
O533,C60,2022-04-08,Shipped
O534,C80,2024-12-13,Delivered
O535,C186,2024-08-25,Pending
O536,C11,2024-11-06,Delivered
O537,C76,2025-04-06,Delivered
O538,C189,2024-01-16,Cancelled
O539,C22,2023-02-19,Cancelled
O540,C78,2022-04-17,Delivered
O541,C95,2025-01-17,Pending
O542,C64,2022-08-01,Delivered
O543,C74,2024-04-25,Pending
O544,C8,2024-06-22,Pending
O545,C112,2022-11-21,Pending
O546,C75,2024-01-15,Shipped
O547,C165,2025-09-09,Cancelled
O548,C8,2025-10-23,Delivered
O549,C78,2025-02-06,Shipped
O550,C150,2022-05-25,Delivered
O551,C131,2024-05-18,Pending
O552,C88,2023-10-22,Shipped
O553,C89,2025-03-25,Shipped
O554,C13,2024-01-19,Shipped
O555,C18,2023-07-25,Shipped
O556,C37,2025-06-02,Delivered
O557,C47,2022-05-28,Cancelled
O558,C124,2023-08-22,Cancelled
O559,C187,2023-06-17,Shipped
O560,C105,2024-05-05,Delivered
O561,C85,2023-12-17,Cancelled
O562,C129,2024-01-27,Delivered
O563,C85,2022-12-15,Cancelled
O564,C61,2023-05-17,Delivered
O565,C79,2025-06-26,Shipped
O566,C40,2023-08-06,Cancelled
O567,C12,2025-02-27,Delivered
O568,C191,2024-08-10,Cancelled
O569,C166,2024-06-04,Cancelled
O570,C25,2022-02-01,Delivered
O571,C125,2023-10-16,Pending
O572,C60,2022-08-17,Pending
O573,C63,2024-09-21,Pending
O574,C143,2025-06-17,Delivered
O575,C13,2024-03-21,Shipped
O576,C134,2025-12-13,Delivered
O577,C47,2024-05-22,Cancelled
O578,C30,2025-07-07,Cancelled
O579,C186,2025-01-21,Delivered
O580,C38,2023-10-28,Delivered
O581,C184,2024-08-25,Cancelled
O582,C115,2022-12-09,Shipped
O583,C173,2022-11-21,Shipped
O584,C128,2023-04-04,Pending
O585,C67,2025-12-17,Delivered
O586,C186,2022-04-02,Shipped
O587,C92,2022-08-14,Shipped
O588,C9,2023-05-28,Shipped
O589,C132,2025-02-04,Shipped
O590,C135,2022-01-14,Shipped
O591,C155,2022-06-12,Shipped
O592,C185,2025-12-28,Pending
O593,C105,2022-12-16,Pending
O594,C8,2024-12-17,Cancelled
O595,C159,2023-03-16,Cancelled
O596,C195,2022-06-10,Pending
O597,C175,2023-06-25,Shipped
O598,C57,2022-01-27,Pending
O599,C14,2022-02-25,Cancelled
O600,C176,2025-06-24,Delivered
O601,C155,2022-10-14,Pending
O602,C194,2025-03-14,Delivered
O603,C105,2025-07-26,Shipped
O604,C104,2024-06-03,Delivered
O605,C43,2025-04-20,Shipped
O606,C195,2023-08-23,Delivered
O607,C12,2024-09-24,Pending
O608,C2,2024-07-19,Delivered
O609,C17,2022-02-20,Cancelled
O610,C161,2024-05-07,Pending
O611,C100,2024-11-01,Pending
O612,C75,2025-10-08,Shipped
O613,C139,2022-07-17,Pending
O614,C84,2025-06-19,Cancelled
O615,C178,2022-05-12,Cancelled
O616,C90,2023-05-12,Shipped
O617,C88,2023-01-26,Pending
O618,C31,2025-05-11,Cancelled
O619,C103,2023-01-18,Cancelled
O620,C114,2024-05-17,Pending
O621,C11,2025-04-15,Delivered
O622,C49,2025-02-28,Pending
O623,C27,2022-01-26,Delivered
O624,C198,2025-11-03,Pending
O625,C165,2025-05-17,Pending
O626,C104,2023-11-27,Shipped
O627,C68,2025-09-12,Shipped
O628,C27,2024-05-08,Delivered
O629,C135,2025-12-21,Shipped
O630,C53,2025-01-14,Shipped
O631,C33,2024-11-21,Delivered
O632,C152,2025-12-27,Cancelled
O633,C171,2023-12-07,Pending
O634,C120,2025-09-11,Cancelled
O635,C139,2024-10-20,Pending
O636,C40,2025-09-27,Delivered
O637,C172,2025-10-18,Pending
O638,C112,2024-02-22,Pending
O639,C145,2022-02-19,Cancelled
O640,C107,2023-03-06,Cancelled
O641,C75,2025-02-28,Delivered
O642,C121,2023-10-20,Pending
O643,C188,2025-04-10,Pending
O644,C96,2023-11-07,Shipped
O645,C146,2022-06-15,Delivered
O646,C154,2023-11-14,Cancelled
O647,C179,2023-06-17,Pending
O648,C31,2023-06-21,Shipped
O649,C127,2025-02-06,Pending
O650,C179,2022-09-14,Pending
O651,C93,2025-09-04,Pending
O652,C98,2022-02-17,Cancelled
O653,C121,2023-03-15,Pending
O654,C24,2025-12-16,Pending
O655,C83,2024-03-26,Delivered
O656,C131,2024-03-28,Delivered
O657,C185,2023-12-22,Pending
O658,C105,2024-05-07,Shipped
O659,C113,2023-11-14,Pending
O660,C59,2025-01-13,Delivered
O661,C169,2022-06-21,Pending
O662,C112,2022-08-27,Shipped
O663,C182,2022-06-03,Shipped
O664,C101,2024-08-04,Delivered
O665,C151,2024-09-23,Delivered
O666,C129,2024-12-20,Cancelled
O667,C2,2025-10-15,Shipped
O668,C155,2024-06-07,Pending
O669,C30,2023-02-20,Pending
O670,C13,2023-11-11,Delivered
O671,C134,2025-12-25,Pending
O672,C149,2025-10-12,Pending
O673,C15,2024-11-28,Shipped
O674,C139,2025-08-05,Cancelled
O675,C51,2022-05-02,Cancelled
O676,C106,2024-02-04,Shipped
O677,C93,2025-08-19,Pending
O678,C22,2025-11-24,Delivered
O679,C14,2022-07-24,Pending
O680,C140,2023-09-17,Shipped
O681,C109,2025-03-07,Pending
O682,C32,2025-03-01,Delivered
O683,C1,2022-12-19,Pending
O684,C105,2025-03-05,Pending
O685,C192,2024-11-01,Delivered
O686,C152,2025-10-06,Delivered
O687,C180,2024-04-02,Pending
O688,C85,2023-06-14,Cancelled
O689,C130,2024-05-22,Shipped
O690,C72,2025-07-02,Pending
O691,C53,2023-11-05,Delivered
O692,C64,2025-07-11,Delivered
O693,C141,2023-07-11,Pending
O694,C64,2024-12-13,Delivered
O695,C6,2025-02-06,Pending
O696,C19,2024-12-14,Cancelled
O697,C2,2023-01-16,Pending
O698,C12,2023-12-25,Shipped
O699,C31,2022-09-20,Cancelled
O700,C77,2025-02-09,Delivered
O701,C64,2025-01-28,Delivered
O702,C60,2023-05-16,Delivered
O703,C183,2025-01-27,Delivered
O704,C121,2023-05-27,Cancelled
O705,C9,2024-06-03,Pending
O706,C185,2024-09-10,Cancelled
O707,C87,2023-12-05,Shipped
O708,C116,2023-09-02,Delivered
O709,C89,2025-04-15,Cancelled
O710,C69,2022-12-16,Delivered
O711,C131,2022-12-27,Delivered
O712,C102,2024-05-27,Delivered
O713,C184,2022-01-08,Shipped
O714,C7,2024-09-24,Delivered
O715,C76,2025-05-22,Pending
O716,C127,2025-01-07,Cancelled
O717,C177,2024-09-27,Delivered
O718,C182,2022-02-16,Shipped
O719,C89,2023-06-06,Pending
O720,C200,2025-07-27,Delivered
O721,C16,2025-10-19,Cancelled
O722,C183,2024-06-12,Shipped
O723,C48,2023-07-24,Cancelled
O724,C11,2022-01-20,Pending
O725,C167,2022-07-11,Pending
O726,C193,2023-02-14,Shipped
O727,C200,2024-07-01,Delivered
O728,C58,2024-08-13,Cancelled
O729,C198,2024-02-16,Cancelled
O730,C13,2022-01-11,Shipped
O731,C113,2022-02-15,Shipped
O732,C125,2024-06-12,Pending
O733,C115,2023-10-08,Pending
O734,C26,2025-12-02,Delivered
O735,C20,2023-02-12,Pending
O736,C105,2022-06-18,Delivered
O737,C53,2023-02-26,Shipped
O738,C127,2022-07-24,Delivered
O739,C169,2025-01-25,Pending
O740,C125,2022-12-24,Pending
O741,C47,2023-12-21,Shipped
O742,C154,2025-10-27,Shipped
O743,C140,2022-03-12,Pending
O744,C144,2022-07-17,Shipped
O745,C76,2024-11-11,Shipped
O746,C85,2024-11-04,Shipped
O747,C109,2024-06-19,Delivered
O748,C96,2023-07-27,Pending
O749,C93,2022-02-28,Cancelled
O750,C131,2023-12-10,Shipped
O751,C38,2022-06-24,Delivered
O752,C106,2023-10-14,Shipped
O753,C50,2025-08-06,Cancelled
O754,C199,2023-07-19,Cancelled
O755,C162,2022-01-11,Delivered
O756,C34,2024-07-25,Delivered
O757,C28,2022-05-21,Shipped
O758,C147,2023-01-27,Pending
O759,C50,2025-07-15,Pending
O760,C194,2025-12-16,Cancelled
O761,C91,2022-03-23,Delivered
O762,C95,2024-05-08,Shipped
O763,C40,2025-02-05,Delivered
O764,C178,2023-07-05,Delivered
O765,C189,2025-01-27,Pending
O766,C180,2025-02-09,Delivered
O767,C20,2022-09-17,Shipped
O768,C42,2022-06-12,Pending
O769,C20,2022-07-27,Shipped
O770,C15,2022-10-26,Shipped
O771,C131,2023-01-21,Pending
O772,C18,2023-09-16,Delivered
O773,C143,2022-09-10,Shipped
O774,C156,2022-01-07,Cancelled
O775,C46,2023-01-04,Cancelled
O776,C47,2023-05-23,Pending
O777,C22,2025-04-13,Delivered
O778,C142,2022-07-13,Delivered
O779,C111,2025-09-20,Shipped
O780,C99,2024-07-17,Cancelled
O781,C173,2022-11-17,Delivered
O782,C34,2024-07-09,Pending
O783,C145,2025-10-07,Pending
O784,C54,2023-09-17,Shipped
O785,C77,2025-03-01,Pending
O786,C103,2025-02-22,Shipped
O787,C2,2024-03-18,Cancelled
O788,C48,2024-02-08,Cancelled
O789,C94,2024-06-09,Cancelled
O790,C170,2022-07-13,Pending
O791,C100,2023-03-01,Cancelled
O792,C10,2024-09-04,Pending
O793,C63,2023-01-01,Shipped
O794,C197,2023-09-04,Pending
O795,C74,2025-08-18,Cancelled
O796,C175,2023-10-23,Pending
O797,C58,2024-10-09,Delivered
O798,C33,2023-12-08,Delivered
O799,C56,2025-09-26,Cancelled
O800,C46,2023-08-05,Delivered
O801,C55,2022-06-25,Cancelled
O802,C116,2025-07-02,Cancelled
O803,C162,2025-02-04,Delivered
O804,C75,2022-07-27,Pending
O805,C192,2024-03-02,Cancelled
O806,C26,2024-03-20,Shipped
O807,C25,2024-10-09,Shipped
O808,C167,2023-06-13,Shipped
O809,C153,2023-06-07,Delivered
O810,C35,2024-02-03,Delivered
O811,C119,2025-03-16,Shipped
O812,C78,2022-07-02,Delivered
O813,C162,2023-02-10,Delivered
O814,C56,2025-12-13,Pending
O815,C66,2023-09-21,Delivered
O816,C57,2025-11-04,Pending
O817,C78,2025-12-15,Shipped
O818,C61,2023-01-25,Shipped
O819,C166,2022-08-27,Pending
O820,C167,2025-09-26,Delivered
O821,C190,2022-01-20,Shipped
O822,C23,2024-05-20,Delivered
O823,C53,2023-01-09,Delivered
O824,C193,2023-08-07,Shipped
O825,C39,2022-02-10,Cancelled
O826,C166,2022-06-24,Cancelled
O827,C106,2024-12-28,Shipped
O828,C118,2023-08-13,Shipped
O829,C79,2025-07-15,Delivered
O830,C17,2024-02-15,Delivered
O831,C122,2025-06-24,Shipped
O832,C56,2025-06-02,Delivered
O833,C53,2024-07-06,Delivered
O834,C51,2023-09-23,Shipped
O835,C64,2023-05-18,Pending
O836,C91,2023-12-17,Delivered
O837,C170,2024-04-03,Delivered
O838,C61,2025-02-25,Pending
O839,C6,2025-04-10,Cancelled
O840,C77,2025-02-25,Shipped
O841,C27,2022-06-23,Pending
O842,C197,2025-03-23,Shipped
O843,C24,2023-08-04,Cancelled
O844,C138,2024-05-17,Pending
O845,C109,2024-06-28,Delivered
O846,C186,2023-01-28,Cancelled
O847,C150,2022-07-20,Pending
O848,C2,2022-02-02,Delivered
O849,C4,2025-06-05,Pending
O850,C65,2023-12-20,Cancelled
O851,C11,2024-09-26,Shipped
O852,C129,2024-04-12,Cancelled
O853,C64,2024-09-15,Pending
O854,C127,2024-01-12,Shipped
O855,C100,2022-04-15,Delivered
O856,C181,2023-05-11,Cancelled
O857,C70,2024-04-19,Shipped
O858,C187,2022-05-20,Cancelled
O859,C70,2024-10-07,Delivered
O860,C135,2023-09-16,Pending
O861,C95,2025-04-14,Shipped
O862,C35,2022-02-26,Pending
O863,C122,2023-07-21,Delivered
O864,C165,2025-02-12,Shipped
O865,C137,2025-05-10,Pending
O866,C108,2024-04-03,Cancelled
O867,C101,2025-07-13,Pending
O868,C184,2025-11-24,Pending
O869,C128,2024-12-08,Cancelled
O870,C110,2023-09-11,Pending
O871,C150,2023-09-14,Pending
O872,C78,2022-06-23,Cancelled
O873,C48,2022-04-17,Shipped
O874,C132,2023-06-18,Pending
O875,C118,2023-06-06,Delivered
O876,C187,2025-06-20,Shipped
O877,C82,2023-12-03,Delivered
O878,C144,2025-01-24,Pending
O879,C164,2024-12-23,Cancelled
O880,C74,2023-02-26,Delivered
O881,C131,2024-04-26,Shipped
O882,C53,2022-02-11,Cancelled
O883,C135,2023-08-20,Shipped
O884,C151,2024-05-17,Delivered
O885,C170,2023-08-02,Pending
O886,C199,2025-02-05,Delivered
O887,C161,2025-07-26,Pending
O888,C154,2024-04-12,Cancelled
O889,C15,2022-03-23,Delivered
O890,C152,2022-08-09,Shipped
O891,C130,2025-09-08,Shipped
O892,C46,2025-05-20,Shipped
O893,C177,2024-05-06,Shipped
O894,C68,2025-07-12,Pending
O895,C76,2024-12-03,Cancelled
O896,C96,2023-08-15,Pending
O897,C56,2022-10-21,Pending
O898,C138,2025-07-14,Shipped
O899,C177,2025-02-20,Cancelled
O900,C175,2022-07-22,Cancelled
O901,C165,2024-08-23,Shipped
O902,C171,2024-06-14,Cancelled
O903,C132,2023-10-20,Pending
O904,C15,2023-07-10,Shipped
O905,C199,2022-03-14,Delivered
O906,C60,2025-04-08,Pending
O907,C89,2024-03-08,Pending
O908,C127,2024-11-15,Delivered
O909,C200,2023-10-17,Delivered
O910,C70,2024-10-09,Cancelled
O911,C106,2022-01-18,Shipped
O912,C47,2023-05-05,Delivered
O913,C105,2024-11-06,Shipped
O914,C34,2023-11-21,Delivered
O915,C31,2024-09-19,Shipped
O916,C54,2024-05-27,Pending
O917,C51,2025-10-02,Pending
O918,C110,2025-12-05,Pending
O919,C61,2025-07-08,Pending
O920,C118,2024-03-23,Pending
O921,C75,2022-04-05,Cancelled
O922,C83,2023-12-08,Shipped
O923,C178,2024-09-06,Pending
O924,C17,2025-07-21,Cancelled
O925,C20,2023-07-19,Delivered
O926,C65,2023-10-22,Pending
O927,C56,2022-07-06,Cancelled
O928,C106,2023-10-09,Delivered
O929,C91,2022-04-16,Shipped
O930,C141,2023-08-01,Pending
O931,C50,2025-05-24,Shipped
O932,C50,2023-07-28,Delivered
O933,C77,2025-04-28,Pending
O934,C149,2024-06-23,Shipped
O935,C13,2024-10-09,Cancelled
O936,C131,2024-12-26,Cancelled
O937,C98,2023-01-28,Shipped
O938,C158,2022-02-08,Shipped
O939,C65,2025-06-13,Pending
O940,C144,2025-11-19,Pending
O941,C152,2025-05-01,Delivered
O942,C82,2025-12-09,Delivered
O943,C150,2022-04-12,Cancelled
O944,C192,2025-08-09,Pending
O945,C151,2022-02-09,Delivered
O946,C33,2024-02-14,Shipped
O947,C82,2024-04-01,Pending
O948,C153,2025-11-11,Cancelled
O949,C100,2023-12-12,Cancelled
O950,C88,2022-08-16,Delivered
O951,C179,2025-11-10,Pending
O952,C37,2025-11-28,Cancelled
O953,C11,2024-10-02,Pending
O954,C17,2024-11-17,Delivered
O955,C2,2025-11-07,Cancelled
O956,C114,2022-12-15,Cancelled
O957,C37,2024-10-24,Delivered
O958,C66,2023-10-28,Pending
O959,C106,2023-07-25,Pending
O960,C186,2023-01-10,Shipped
O961,C102,2022-10-01,Cancelled
O962,C84,2022-12-04,Pending
O963,C107,2023-07-20,Cancelled
O964,C154,2025-03-13,Cancelled
O965,C29,2022-01-15,Delivered
O966,C173,2025-11-19,Pending
O967,C61,2022-11-09,Delivered
O968,C134,2025-11-16,Delivered
O969,C127,2025-08-06,Cancelled
O970,C161,2024-07-04,Cancelled
O971,C45,2024-05-13,Delivered
O972,C13,2024-02-07,Delivered
O973,C38,2024-02-25,Shipped
O974,C68,2025-02-15,Shipped
O975,C119,2022-04-04,Pending
O976,C171,2023-09-20,Delivered
O977,C45,2023-11-12,Cancelled
O978,C97,2023-07-25,Shipped
O979,C170,2023-08-20,Cancelled
O980,C135,2025-12-11,Delivered
O981,C10,2025-02-13,Pending
O982,C149,2025-01-25,Shipped
O983,C156,2022-06-22,Pending
O984,C164,2024-03-05,Pending
O985,C177,2023-12-21,Pending
O986,C151,2024-05-11,Cancelled
O987,C97,2023-07-13,Shipped
O988,C25,2024-02-09,Delivered
O989,C120,2023-09-24,Pending
O990,C161,2023-10-09,Shipped
O991,C186,2025-04-06,Shipped
O992,C145,2024-07-13,Delivered
O993,C80,2022-10-15,Pending
O994,C81,2024-12-22,Pending
O995,C102,2023-03-19,Pending
O996,C23,2024-10-07,Cancelled
O997,C112,2025-06-11,Delivered
O998,C85,2025-02-13,Cancelled
O999,C135,2022-10-19,Pending
O1000,C138,2023-04-05,Cancelled
O1001,C31,2025-12-07,Delivered
O1002,C183,2022-06-07,Pending
O1003,C86,2025-07-06,Pending
O1004,C78,2024-12-01,Shipped
O1005,C98,2025-09-05,Shipped
O1006,C60,2023-03-02,Delivered
O1007,C50,2024-08-17,Cancelled
O1008,C64,2024-10-27,Shipped
O1009,C10,2023-03-16,Cancelled
O1010,C196,2023-07-27,Shipped
O1011,C52,2023-05-26,Pending
O1012,C15,2025-02-23,Shipped
O1013,C122,2024-10-06,Delivered
O1014,C4,2023-11-03,Cancelled
O1015,C102,2025-06-17,Cancelled
O1016,C171,2022-02-06,Delivered
O1017,C167,2022-02-09,Shipped
O1018,C154,2022-09-06,Shipped
O1019,C151,2022-05-14,Shipped
O1020,C52,2022-12-13,Pending
O1021,C137,2022-05-25,Cancelled
O1022,C125,2023-05-04,Cancelled
O1023,C92,2025-12-23,Pending
O1024,C125,2022-05-14,Pending
O1025,C164,2025-05-13,Pending
O1026,C135,2022-11-14,Pending
O1027,C8,2022-07-27,Delivered
O1028,C55,2023-03-19,Cancelled
O1029,C113,2025-02-13,Delivered
O1030,C48,2025-09-07,Shipped
O1031,C123,2025-01-23,Cancelled
O1032,C174,2023-06-13,Cancelled
O1033,C147,2022-01-02,Delivered
O1034,C183,2024-09-10,Cancelled
O1035,C158,2024-01-09,Shipped
O1036,C188,2025-06-02,Pending
O1037,C158,2025-08-16,Shipped
O1038,C33,2023-05-10,Shipped
O1039,C35,2022-05-18,Pending
O1040,C62,2024-04-21,Pending
O1041,C30,2023-10-24,Cancelled
O1042,C111,2022-05-25,Pending
O1043,C81,2023-11-19,Pending
O1044,C33,2023-12-08,Pending
O1045,C78,2023-01-16,Pending
O1046,C12,2024-08-17,Pending
O1047,C40,2022-01-08,Cancelled
O1048,C114,2025-11-05,Pending
O1049,C46,2024-07-03,Shipped
O1050,C127,2022-08-21,Delivered
O1051,C61,2024-11-25,Delivered
O1052,C173,2023-02-11,Cancelled
O1053,C48,2022-10-20,Delivered
O1054,C95,2022-02-17,Shipped
O1055,C138,2024-10-24,Cancelled
O1056,C70,2025-10-13,Cancelled
O1057,C27,2024-04-01,Pending
O1058,C161,2024-08-06,Delivered
O1059,C114,2024-02-26,Shipped
O1060,C196,2025-06-05,Cancelled
O1061,C54,2022-02-08,Cancelled
O1062,C44,2025-12-24,Pending
O1063,C1,2025-01-21,Pending
O1064,C57,2023-07-02,Shipped
O1065,C177,2025-11-04,Shipped
O1066,C66,2024-10-12,Cancelled
O1067,C77,2023-06-06,Cancelled
O1068,C29,2023-07-04,Pending
O1069,C180,2025-04-25,Pending
O1070,C193,2025-08-26,Pending
O1071,C68,2025-06-26,Pending
O1072,C99,2022-11-20,Cancelled
O1073,C115,2022-02-27,Delivered
O1074,C15,2022-03-01,Pending
O1075,C68,2025-10-17,Pending
O1076,C96,2024-11-08,Cancelled
O1077,C64,2023-01-26,Delivered
O1078,C35,2025-05-14,Delivered
O1079,C134,2022-06-21,Pending
O1080,C194,2024-04-21,Pending
O1081,C100,2025-01-13,Delivered
O1082,C100,2023-01-18,Delivered
O1083,C3,2024-04-27,Cancelled
O1084,C132,2025-02-13,Pending
O1085,C158,2024-03-20,Cancelled
O1086,C68,2024-07-17,Cancelled
O1087,C191,2022-12-04,Cancelled
O1088,C190,2023-02-04,Cancelled
O1089,C1,2022-02-04,Cancelled
O1090,C26,2022-12-12,Shipped
O1091,C15,2022-09-26,Cancelled
O1092,C172,2024-08-05,Pending
O1093,C153,2023-10-23,Pending
O1094,C174,2025-12-15,Pending
O1095,C70,2023-11-25,Cancelled
O1096,C104,2024-12-22,Shipped
O1097,C91,2025-08-15,Cancelled
O1098,C118,2024-11-28,Delivered
O1099,C25,2023-07-18,Cancelled
O1100,C98,2024-06-25,Cancelled
O1101,C156,2023-06-24,Delivered
O1102,C31,2022-07-08,Shipped
O1103,C28,2022-08-24,Pending
O1104,C192,2023-05-27,Delivered
O1105,C107,2022-04-10,Shipped
O1106,C178,2022-05-24,Delivered
O1107,C35,2024-08-03,Delivered
O1108,C188,2024-09-06,Shipped
O1109,C188,2023-09-05,Pending
O1110,C189,2025-05-18,Shipped
O1111,C6,2022-06-15,Cancelled
O1112,C96,2022-07-28,Shipped
O1113,C103,2023-03-28,Delivered
O1114,C102,2022-02-25,Cancelled
O1115,C124,2022-03-28,Delivered
O1116,C176,2024-12-27,Cancelled
O1117,C186,2023-02-06,Shipped
O1118,C174,2025-08-10,Pending
O1119,C196,2025-08-05,Cancelled
O1120,C9,2022-02-07,Delivered
O1121,C137,2025-02-03,Shipped
O1122,C19,2022-03-02,Shipped
O1123,C43,2025-08-18,Cancelled
O1124,C129,2025-03-16,Delivered
O1125,C22,2022-12-08,Cancelled
O1126,C99,2022-02-11,Pending
O1127,C81,2022-04-06,Cancelled
O1128,C96,2024-11-26,Delivered
O1129,C120,2025-05-26,Shipped
O1130,C72,2022-08-03,Delivered
O1131,C103,2022-05-22,Delivered
O1132,C165,2022-07-20,Shipped
O1133,C112,2025-03-25,Delivered
O1134,C20,2023-08-11,Pending
O1135,C13,2023-04-24,Cancelled
O1136,C196,2022-06-02,Shipped
O1137,C135,2025-09-08,Cancelled
O1138,C2,2025-10-22,Pending
O1139,C160,2023-03-04,Shipped
O1140,C58,2023-05-19,Shipped
O1141,C14,2024-01-19,Shipped
O1142,C113,2023-03-24,Cancelled
O1143,C33,2024-12-12,Pending
O1144,C27,2025-08-23,Shipped
O1145,C5,2025-11-12,Pending
O1146,C175,2023-07-17,Cancelled
O1147,C99,2024-09-18,Shipped
O1148,C129,2025-07-26,Cancelled
O1149,C122,2023-08-11,Shipped
O1150,C75,2023-03-22,Pending
O1151,C77,2023-07-06,Shipped
O1152,C26,2025-07-09,Pending
O1153,C10,2022-03-28,Pending
O1154,C149,2023-06-07,Delivered
O1155,C121,2022-08-13,Shipped
O1156,C199,2024-08-02,Delivered
O1157,C181,2022-04-08,Delivered
O1158,C76,2025-09-06,Cancelled
O1159,C133,2022-11-12,Cancelled
O1160,C163,2024-11-07,Cancelled
O1161,C20,2024-09-03,Shipped
O1162,C38,2024-08-01,Pending
O1163,C16,2024-11-16,Cancelled
O1164,C28,2022-02-20,Delivered
O1165,C154,2022-03-15,Shipped
O1166,C147,2024-11-14,Delivered
O1167,C158,2022-10-22,Shipped
O1168,C32,2025-01-25,Delivered
O1169,C114,2025-01-16,Cancelled
O1170,C152,2024-03-05,Delivered
O1171,C192,2024-11-02,Delivered
O1172,C175,2025-07-22,Cancelled
O1173,C94,2024-09-18,Pending
O1174,C174,2024-09-08,Cancelled
O1175,C134,2025-01-07,Shipped
O1176,C74,2024-08-01,Shipped
O1177,C97,2023-03-21,Cancelled
O1178,C169,2022-10-01,Cancelled
O1179,C138,2022-11-06,Cancelled
O1180,C160,2023-08-17,Delivered
O1181,C195,2022-03-25,Shipped
O1182,C187,2023-07-18,Shipped
O1183,C97,2023-03-11,Delivered
O1184,C115,2025-08-07,Shipped
O1185,C58,2024-02-26,Pending
O1186,C104,2024-01-24,Delivered
O1187,C194,2023-12-18,Shipped
O1188,C69,2024-05-24,Shipped
O1189,C141,2022-08-23,Delivered
O1190,C28,2025-02-19,Pending
O1191,C104,2023-10-24,Delivered
O1192,C77,2023-10-22,Pending
O1193,C101,2022-10-15,Pending
O1194,C137,2024-12-01,Delivered
O1195,C85,2024-03-15,Cancelled
O1196,C153,2023-03-27,Pending
O1197,C140,2024-10-19,Delivered
O1198,C180,2022-06-26,Pending
O1199,C121,2025-03-16,Cancelled
O1200,C81,2025-05-11,Shipped
O1201,C4,2023-06-03,Delivered
O1202,C74,2023-11-16,Shipped
O1203,C54,2022-04-08,Shipped
O1204,C160,2025-11-17,Shipped
O1205,C142,2024-07-23,Pending
O1206,C20,2024-12-17,Cancelled
O1207,C102,2022-11-14,Cancelled
O1208,C34,2023-12-04,Pending
O1209,C117,2023-01-19,Delivered
O1210,C117,2024-01-23,Cancelled
O1211,C60,2024-09-11,Shipped
O1212,C170,2022-02-21,Pending
O1213,C58,2025-05-01,Cancelled
O1214,C149,2023-09-15,Delivered
O1215,C143,2025-09-05,Delivered
O1216,C100,2022-11-03,Shipped
O1217,C184,2024-03-18,Cancelled
O1218,C100,2023-02-25,Delivered
O1219,C155,2022-02-11,Delivered
O1220,C177,2022-11-25,Pending
O1221,C155,2024-05-04,Cancelled
O1222,C155,2023-08-06,Cancelled
O1223,C152,2024-03-12,Pending
O1224,C143,2025-06-05,Cancelled
O1225,C23,2024-05-11,Shipped
O1226,C125,2025-07-10,Cancelled
O1227,C194,2025-06-28,Shipped
O1228,C14,2022-06-05,Pending
O1229,C173,2024-02-20,Cancelled
O1230,C39,2022-07-21,Cancelled
O1231,C9,2025-10-05,Cancelled
O1232,C186,2025-05-20,Pending
O1233,C108,2025-11-05,Shipped
O1234,C153,2025-11-27,Cancelled
O1235,C85,2022-10-14,Cancelled
O1236,C157,2022-07-11,Pending
O1237,C146,2024-02-23,Cancelled
O1238,C192,2024-03-28,Shipped
O1239,C144,2024-09-08,Shipped
O1240,C82,2023-10-14,Delivered
O1241,C60,2025-04-12,Pending
O1242,C124,2025-12-25,Pending
O1243,C4,2025-03-02,Pending
O1244,C56,2023-11-04,Delivered
O1245,C31,2025-07-27,Shipped
O1246,C196,2022-11-07,Cancelled
O1247,C187,2025-02-19,Cancelled
O1248,C18,2023-03-16,Delivered
O1249,C92,2023-10-08,Cancelled
O1250,C171,2024-03-26,Pending
O1251,C55,2023-07-17,Pending
O1252,C169,2023-11-18,Shipped
O1253,C48,2023-12-28,Pending
O1254,C14,2022-09-21,Shipped
O1255,C198,2025-06-15,Pending
O1256,C189,2022-06-11,Cancelled
O1257,C117,2025-04-18,Pending
O1258,C32,2025-02-15,Shipped
O1259,C22,2022-08-03,Delivered
O1260,C69,2025-06-08,Pending
O1261,C73,2023-04-04,Shipped
O1262,C200,2025-08-04,Shipped
O1263,C46,2023-11-21,Shipped
O1264,C43,2025-11-07,Delivered
O1265,C49,2025-11-22,Delivered
O1266,C184,2024-02-01,Pending
O1267,C167,2025-04-09,Cancelled
O1268,C84,2025-02-25,Shipped
O1269,C50,2023-03-10,Cancelled
O1270,C88,2023-04-13,Shipped
O1271,C190,2025-08-21,Pending
O1272,C125,2023-12-16,Shipped
O1273,C45,2023-09-18,Delivered
O1274,C193,2024-11-11,Shipped
O1275,C77,2024-06-05,Shipped
O1276,C163,2022-01-24,Cancelled
O1277,C23,2022-04-05,Pending
O1278,C190,2024-05-04,Pending
O1279,C82,2025-06-23,Pending
O1280,C92,2022-05-17,Cancelled
O1281,C129,2022-11-09,Shipped
O1282,C128,2023-09-18,Cancelled
O1283,C85,2022-07-26,Pending
O1284,C174,2025-02-19,Delivered
O1285,C29,2024-02-27,Shipped
O1286,C87,2022-07-19,Shipped
O1287,C55,2025-05-24,Delivered
O1288,C12,2024-06-23,Delivered
O1289,C185,2023-12-06,Cancelled
O1290,C65,2022-01-27,Shipped
O1291,C109,2024-10-18,Pending
O1292,C6,2022-06-14,Cancelled
O1293,C22,2024-09-12,Delivered
O1294,C113,2023-12-20,Cancelled
O1295,C168,2023-12-01,Delivered
O1296,C109,2025-03-20,Delivered
O1297,C180,2024-03-28,Cancelled
O1298,C24,2023-03-13,Pending
O1299,C130,2022-08-20,Pending
O1300,C14,2024-06-09,Delivered
O1301,C196,2023-02-24,Pending
O1302,C139,2024-10-19,Delivered
O1303,C186,2023-11-09,Delivered
O1304,C10,2025-02-17,Pending
O1305,C143,2022-10-23,Pending
O1306,C180,2022-09-28,Pending
O1307,C127,2023-02-12,Shipped
O1308,C135,2025-10-06,Delivered
O1309,C45,2024-05-05,Cancelled
O1310,C152,2025-03-02,Pending
O1311,C160,2025-09-19,Delivered
O1312,C21,2022-08-08,Delivered
O1313,C179,2023-01-15,Shipped
O1314,C72,2023-12-02,Pending
O1315,C50,2022-08-05,Pending
O1316,C148,2025-09-11,Pending
O1317,C39,2022-12-05,Shipped
O1318,C15,2023-04-23,Shipped
O1319,C105,2023-05-03,Cancelled
O1320,C92,2022-03-07,Cancelled
O1321,C131,2024-07-22,Delivered
O1322,C6,2024-07-11,Pending
O1323,C26,2023-05-14,Pending
O1324,C126,2024-08-08,Delivered
O1325,C32,2025-10-11,Delivered
O1326,C49,2022-03-18,Delivered
O1327,C67,2024-08-03,Delivered
O1328,C193,2023-06-01,Pending
O1329,C75,2024-06-19,Delivered
O1330,C78,2024-10-18,Cancelled
O1331,C83,2025-01-25,Cancelled
O1332,C2,2024-08-01,Pending
O1333,C171,2022-05-08,Pending
O1334,C200,2022-07-21,Delivered
O1335,C27,2022-05-26,Delivered
O1336,C76,2024-10-01,Cancelled
O1337,C49,2024-10-28,Cancelled
O1338,C62,2022-06-04,Delivered
O1339,C72,2024-07-05,Shipped
O1340,C73,2022-01-15,Cancelled
O1341,C73,2025-01-23,Pending
O1342,C19,2023-08-11,Delivered
O1343,C187,2024-08-28,Cancelled
O1344,C175,2022-05-22,Delivered
O1345,C53,2025-07-15,Shipped
O1346,C167,2023-07-26,Delivered
O1347,C200,2022-10-13,Cancelled
O1348,C16,2025-04-04,Cancelled
O1349,C43,2023-10-28,Delivered
O1350,C195,2024-06-08,Shipped
O1351,C122,2023-01-15,Shipped
O1352,C114,2024-06-28,Cancelled
O1353,C2,2025-05-13,Shipped
O1354,C165,2025-03-24,Delivered
O1355,C41,2025-09-10,Pending
O1356,C121,2022-10-01,Delivered
O1357,C74,2025-06-23,Cancelled
O1358,C41,2023-04-03,Delivered
O1359,C137,2022-10-21,Shipped
O1360,C99,2025-08-01,Pending
O1361,C139,2023-03-01,Cancelled
O1362,C97,2025-07-25,Shipped
O1363,C25,2022-11-27,Shipped
O1364,C176,2024-08-15,Shipped
O1365,C104,2022-07-14,Shipped
O1366,C180,2025-05-18,Pending
O1367,C93,2024-08-01,Delivered
O1368,C69,2024-11-02,Delivered
O1369,C150,2022-05-25,Shipped
O1370,C129,2025-04-12,Delivered
O1371,C191,2024-08-04,Cancelled
O1372,C8,2022-02-26,Delivered
O1373,C36,2024-01-03,Delivered
O1374,C92,2025-01-25,Pending
O1375,C103,2023-10-12,Delivered
O1376,C164,2023-07-01,Pending
O1377,C39,2024-08-05,Shipped
O1378,C174,2025-03-13,Pending
O1379,C10,2024-03-05,Delivered
O1380,C33,2022-07-05,Delivered
O1381,C149,2025-02-01,Pending
O1382,C156,2023-09-03,Cancelled
O1383,C83,2023-08-13,Shipped
O1384,C141,2023-12-08,Delivered
O1385,C183,2024-07-11,Shipped
O1386,C154,2022-08-08,Shipped
O1387,C36,2025-06-15,Shipped
O1388,C94,2025-12-16,Pending
O1389,C161,2024-08-10,Pending
O1390,C29,2024-05-18,Delivered
O1391,C176,2023-03-23,Pending
O1392,C111,2025-11-17,Pending
O1393,C122,2022-05-04,Pending
O1394,C9,2022-08-11,Pending
O1395,C33,2024-02-28,Pending
O1396,C27,2025-03-03,Shipped
O1397,C52,2025-06-08,Shipped
O1398,C161,2025-01-05,Shipped
O1399,C86,2022-12-21,Delivered
O1400,C164,2025-01-06,Cancelled
O1401,C12,2022-01-05,Cancelled
O1402,C113,2025-04-03,Delivered
O1403,C200,2025-03-15,Pending
O1404,C198,2024-02-18,Cancelled
O1405,C35,2022-03-19,Delivered
O1406,C15,2022-07-23,Cancelled
O1407,C27,2025-10-17,Cancelled
O1408,C168,2025-02-12,Pending
O1409,C25,2023-07-05,Cancelled
O1410,C98,2023-03-20,Pending
O1411,C70,2022-10-25,Shipped
O1412,C64,2023-12-04,Cancelled
O1413,C175,2023-02-25,Delivered
O1414,C95,2023-11-11,Delivered
O1415,C196,2022-10-19,Delivered
O1416,C21,2023-02-07,Shipped
O1417,C156,2024-10-03,Cancelled
O1418,C135,2023-02-21,Pending
O1419,C78,2024-01-06,Pending
O1420,C81,2022-11-21,Pending
O1421,C120,2024-02-09,Cancelled
O1422,C68,2023-04-08,Delivered
O1423,C105,2023-12-17,Delivered
O1424,C88,2025-09-18,Cancelled
O1425,C55,2024-09-09,Delivered
O1426,C148,2023-02-21,Pending
O1427,C15,2023-08-27,Shipped
O1428,C32,2024-05-03,Shipped
O1429,C115,2024-09-24,Delivered
O1430,C154,2024-11-12,Delivered
O1431,C67,2023-04-16,Shipped
O1432,C194,2024-12-10,Pending
O1433,C77,2025-09-19,Delivered
O1434,C165,2024-11-21,Delivered
O1435,C38,2022-04-23,Pending
O1436,C194,2022-11-13,Delivered
O1437,C123,2024-11-25,Pending
O1438,C133,2025-01-21,Pending
O1439,C66,2022-05-07,Shipped
O1440,C139,2022-01-17,Cancelled
O1441,C51,2024-03-18,Cancelled
O1442,C99,2024-08-20,Shipped
O1443,C37,2022-12-24,Shipped
O1444,C169,2023-05-27,Shipped
O1445,C58,2023-03-06,Delivered
O1446,C166,2023-07-03,Shipped
O1447,C80,2025-01-21,Pending
O1448,C131,2025-12-09,Delivered
O1449,C172,2024-01-04,Pending
O1450,C25,2025-03-26,Delivered
O1451,C121,2025-03-06,Pending
O1452,C172,2022-10-15,Shipped
O1453,C85,2023-02-01,Cancelled
O1454,C123,2024-09-22,Shipped
O1455,C175,2023-04-05,Shipped
O1456,C33,2023-01-23,Shipped
O1457,C114,2023-08-12,Cancelled
O1458,C75,2024-10-01,Cancelled
O1459,C113,2025-05-20,Pending
O1460,C71,2022-09-15,Pending
O1461,C170,2022-10-23,Shipped
O1462,C36,2023-08-15,Cancelled
O1463,C162,2023-02-17,Pending
O1464,C7,2022-10-02,Delivered
O1465,C136,2025-01-17,Shipped
O1466,C72,2022-04-13,Delivered
O1467,C179,2025-10-17,Delivered
O1468,C43,2025-11-14,Delivered
O1469,C142,2025-04-07,Shipped
O1470,C29,2025-11-04,Shipped
O1471,C103,2023-10-04,Cancelled
O1472,C156,2023-12-05,Shipped
O1473,C3,2025-09-08,Cancelled
O1474,C49,2024-05-14,Cancelled
O1475,C43,2022-01-14,Cancelled
O1476,C123,2023-05-06,Delivered
O1477,C97,2022-12-02,Shipped
O1478,C168,2024-07-22,Pending
O1479,C188,2023-08-27,Cancelled
O1480,C76,2025-10-12,Cancelled
O1481,C45,2025-07-16,Shipped
O1482,C24,2023-03-01,Delivered
O1483,C116,2024-06-13,Delivered
O1484,C14,2022-08-21,Shipped
O1485,C17,2022-08-26,Pending
O1486,C48,2025-03-07,Pending
O1487,C35,2023-01-06,Pending
O1488,C167,2022-05-05,Shipped
O1489,C47,2023-05-05,Pending
O1490,C62,2024-11-14,Cancelled
O1491,C20,2024-09-26,Delivered
O1492,C124,2022-11-02,Delivered
O1493,C144,2025-07-28,Pending
O1494,C118,2025-10-14,Pending
O1495,C31,2022-06-25,Pending
O1496,C108,2024-06-18,Shipped
O1497,C81,2024-06-27,Delivered
O1498,C14,2022-01-13,Pending
O1499,C18,2023-02-25,Pending
O1500,C30,2023-07-19,Shipped
O1501,C120,2024-07-08,Cancelled
O1502,C29,2024-08-04,Shipped
O1503,C33,2024-03-12,Delivered
O1504,C108,2022-06-25,Shipped
O1505,C46,2025-12-08,Shipped
O1506,C173,2024-01-10,Shipped
O1507,C99,2023-01-14,Pending
O1508,C138,2024-04-22,Delivered
O1509,C119,2025-08-13,Delivered
O1510,C197,2024-04-14,Cancelled
O1511,C156,2024-08-17,Delivered
O1512,C135,2025-07-14,Shipped
O1513,C39,2023-08-11,Shipped
O1514,C43,2022-05-11,Delivered
O1515,C78,2022-04-10,Pending
O1516,C116,2024-05-16,Cancelled
O1517,C2,2023-10-10,Cancelled
O1518,C4,2023-05-20,Pending
O1519,C136,2022-06-27,Delivered
O1520,C53,2022-01-13,Delivered
O1521,C81,2025-03-02,Pending
O1522,C137,2024-02-26,Delivered
O1523,C177,2025-04-02,Cancelled
O1524,C78,2023-08-10,Pending
O1525,C87,2022-10-15,Shipped
O1526,C104,2022-04-14,Shipped
O1527,C131,2025-02-03,Pending
O1528,C158,2025-11-09,Delivered
O1529,C183,2022-03-11,Delivered
O1530,C2,2025-08-12,Pending
O1531,C187,2024-10-13,Shipped
O1532,C71,2023-12-08,Pending
O1533,C120,2025-01-17,Shipped
O1534,C95,2024-12-23,Shipped
O1535,C5,2022-01-21,Shipped
O1536,C81,2023-02-18,Delivered
O1537,C28,2023-04-02,Pending
O1538,C137,2024-02-24,Pending
O1539,C65,2022-03-27,Delivered
O1540,C126,2023-12-26,Pending
O1541,C142,2024-01-12,Cancelled
O1542,C141,2024-10-01,Cancelled
O1543,C109,2023-07-03,Pending
O1544,C194,2024-06-10,Cancelled
O1545,C38,2024-04-16,Shipped
O1546,C13,2023-11-27,Pending
O1547,C199,2024-05-21,Cancelled
O1548,C173,2025-06-06,Pending
O1549,C35,2024-09-12,Delivered
O1550,C37,2024-08-22,Delivered
O1551,C64,2024-01-14,Pending
O1552,C3,2023-10-08,Delivered
O1553,C164,2022-10-19,Delivered
O1554,C190,2022-05-10,Delivered
O1555,C10,2022-01-09,Cancelled
O1556,C32,2025-12-25,Delivered
O1557,C187,2022-03-02,Shipped
O1558,C193,2025-10-03,Delivered
O1559,C93,2025-09-19,Delivered
O1560,C61,2022-10-25,Cancelled
O1561,C28,2024-01-27,Shipped
O1562,C8,2025-10-24,Pending
O1563,C95,2025-11-17,Delivered
O1564,C117,2023-01-10,Cancelled
O1565,C61,2022-03-08,Delivered
O1566,C134,2022-07-19,Pending
O1567,C67,2025-12-11,Shipped
O1568,C34,2023-01-03,Delivered
O1569,C50,2022-02-08,Cancelled
O1570,C151,2024-07-24,Cancelled
O1571,C143,2025-06-15,Delivered
O1572,C157,2023-01-20,Pending
O1573,C20,2022-03-20,Delivered
O1574,C51,2025-04-08,Cancelled
O1575,C81,2024-03-28,Pending
O1576,C174,2025-04-21,Pending
O1577,C4,2022-03-20,Shipped
O1578,C199,2022-10-23,Pending
O1579,C175,2022-10-03,Cancelled
O1580,C131,2024-05-22,Cancelled
O1581,C91,2023-10-21,Pending
O1582,C88,2023-03-13,Delivered
O1583,C69,2022-03-18,Delivered
O1584,C122,2025-07-21,Shipped
O1585,C123,2023-01-10,Cancelled
O1586,C111,2022-07-28,Pending
O1587,C10,2023-07-18,Delivered
O1588,C160,2025-07-15,Delivered
O1589,C22,2024-04-16,Shipped
O1590,C72,2024-01-04,Delivered
O1591,C10,2022-12-04,Cancelled
O1592,C7,2022-10-23,Pending
O1593,C158,2023-07-17,Cancelled
O1594,C35,2022-07-06,Cancelled
O1595,C94,2022-05-27,Shipped
O1596,C163,2022-02-22,Shipped
O1597,C65,2023-10-17,Shipped
O1598,C189,2024-06-28,Cancelled
O1599,C113,2024-03-27,Cancelled
O1600,C196,2024-04-21,Shipped
O1601,C16,2023-10-27,Cancelled
O1602,C132,2022-04-17,Cancelled
O1603,C117,2022-06-19,Delivered
O1604,C131,2025-05-06,Delivered
O1605,C120,2022-12-11,Pending
O1606,C70,2025-04-07,Delivered
O1607,C57,2023-07-09,Delivered
O1608,C116,2022-07-08,Shipped
O1609,C28,2025-07-28,Shipped
O1610,C79,2023-09-24,Shipped
O1611,C3,2024-09-15,Pending
O1612,C92,2023-04-15,Cancelled
O1613,C136,2023-06-28,Delivered
O1614,C12,2023-08-23,Shipped
O1615,C145,2024-01-15,Delivered
O1616,C162,2022-02-26,Cancelled
O1617,C18,2023-08-15,Shipped
O1618,C113,2023-09-09,Shipped
O1619,C124,2023-09-24,Shipped
O1620,C124,2023-10-08,Pending
O1621,C47,2023-08-24,Shipped
O1622,C43,2023-01-14,Cancelled
O1623,C119,2023-01-09,Shipped
O1624,C46,2023-11-22,Shipped
O1625,C38,2024-04-17,Shipped
O1626,C110,2023-11-13,Cancelled
O1627,C18,2023-09-18,Shipped
O1628,C168,2022-10-20,Shipped
O1629,C38,2024-10-21,Cancelled
O1630,C164,2022-10-23,Delivered
O1631,C185,2023-11-21,Shipped
O1632,C121,2023-08-27,Cancelled
O1633,C16,2022-10-13,Cancelled
O1634,C146,2022-11-04,Pending
O1635,C171,2025-08-12,Shipped
O1636,C99,2023-04-12,Pending
O1637,C156,2025-12-04,Delivered
O1638,C172,2023-05-12,Shipped
O1639,C140,2022-11-01,Pending
O1640,C5,2022-07-02,Cancelled
O1641,C47,2023-12-04,Cancelled
O1642,C188,2025-01-13,Delivered
O1643,C37,2022-12-10,Delivered
O1644,C196,2025-02-19,Shipped
O1645,C180,2025-08-06,Pending
O1646,C53,2022-03-03,Delivered
O1647,C102,2024-03-20,Cancelled
O1648,C130,2024-06-16,Shipped
O1649,C166,2024-01-10,Delivered
O1650,C142,2025-07-10,Shipped
O1651,C8,2023-05-06,Pending
O1652,C144,2024-02-28,Pending
O1653,C128,2025-05-20,Shipped
O1654,C4,2023-09-26,Shipped
O1655,C63,2022-06-05,Cancelled
O1656,C113,2025-11-18,Shipped
O1657,C119,2024-04-22,Pending
O1658,C133,2025-01-04,Shipped
O1659,C14,2023-09-06,Shipped
O1660,C137,2024-02-23,Pending
O1661,C65,2024-03-03,Delivered
O1662,C193,2025-06-27,Delivered
O1663,C84,2023-10-12,Shipped
O1664,C84,2024-12-23,Delivered
O1665,C146,2023-04-27,Delivered
O1666,C79,2023-02-20,Pending
O1667,C200,2022-04-10,Shipped
O1668,C195,2023-08-03,Shipped
O1669,C185,2022-03-12,Pending
O1670,C153,2024-10-24,Delivered
O1671,C21,2023-08-03,Cancelled
O1672,C193,2023-09-25,Delivered
O1673,C56,2023-11-16,Pending
O1674,C125,2024-11-20,Delivered
O1675,C59,2022-03-18,Shipped
O1676,C87,2022-09-25,Pending
O1677,C18,2022-08-03,Pending
O1678,C45,2023-11-10,Delivered
O1679,C133,2025-03-20,Delivered
O1680,C21,2024-02-03,Shipped
O1681,C192,2023-07-19,Shipped
O1682,C196,2024-12-05,Shipped
O1683,C16,2024-10-21,Cancelled
O1684,C75,2023-02-05,Shipped
O1685,C145,2022-06-24,Pending
O1686,C98,2023-03-13,Delivered
O1687,C130,2022-12-15,Delivered
O1688,C132,2022-02-19,Pending
O1689,C177,2024-12-17,Shipped
O1690,C152,2025-11-18,Delivered
O1691,C58,2022-05-03,Pending
O1692,C68,2025-01-21,Pending
O1693,C91,2022-02-10,Cancelled
O1694,C34,2025-10-06,Delivered
O1695,C51,2022-07-24,Shipped
O1696,C23,2022-10-25,Pending
O1697,C11,2025-10-23,Delivered
O1698,C84,2025-09-16,Delivered
O1699,C94,2024-11-05,Shipped
O1700,C171,2024-10-13,Pending
O1701,C115,2022-12-02,Cancelled
O1702,C14,2024-06-09,Delivered
O1703,C199,2023-07-17,Shipped
O1704,C44,2025-07-03,Delivered
O1705,C68,2024-02-19,Cancelled
O1706,C118,2022-12-06,Cancelled
O1707,C37,2022-09-15,Cancelled
O1708,C97,2025-07-26,Cancelled
O1709,C54,2024-06-20,Pending
O1710,C109,2023-03-26,Shipped
O1711,C165,2025-04-15,Pending
O1712,C5,2024-02-17,Cancelled
O1713,C196,2024-11-21,Pending
O1714,C43,2023-01-06,Pending
O1715,C73,2025-10-17,Shipped
O1716,C136,2022-05-20,Cancelled
O1717,C158,2025-07-10,Delivered
O1718,C71,2023-07-04,Pending
O1719,C200,2022-11-20,Pending
O1720,C197,2025-04-14,Delivered
O1721,C115,2024-08-03,Shipped
O1722,C40,2022-02-06,Delivered
O1723,C145,2023-03-11,Cancelled
O1724,C136,2023-07-23,Delivered
O1725,C127,2022-02-14,Shipped
O1726,C56,2023-09-27,Cancelled
O1727,C103,2022-06-22,Delivered
O1728,C80,2023-06-01,Pending
O1729,C166,2024-07-18,Shipped
O1730,C188,2022-08-15,Delivered
O1731,C153,2024-03-02,Cancelled
O1732,C180,2022-02-03,Delivered
O1733,C188,2022-08-01,Cancelled
O1734,C53,2024-01-13,Shipped
O1735,C11,2025-05-18,Shipped
O1736,C106,2025-05-25,Pending
O1737,C199,2022-01-18,Shipped
O1738,C87,2022-09-11,Shipped
O1739,C53,2022-06-08,Pending
O1740,C110,2023-05-09,Cancelled
O1741,C200,2022-09-28,Shipped
O1742,C48,2025-12-28,Shipped
O1743,C124,2023-11-02,Pending
O1744,C28,2024-10-05,Cancelled
O1745,C21,2024-04-28,Delivered
O1746,C37,2025-10-24,Delivered
O1747,C192,2025-10-20,Cancelled
O1748,C193,2025-01-13,Shipped
O1749,C174,2024-05-16,Cancelled
O1750,C30,2024-05-01,Shipped
O1751,C176,2022-02-21,Pending
O1752,C168,2024-10-08,Shipped
O1753,C184,2022-01-13,Delivered
O1754,C44,2023-01-02,Delivered
O1755,C104,2023-03-22,Cancelled
O1756,C90,2025-06-07,Shipped
O1757,C157,2025-06-09,Cancelled
O1758,C38,2024-05-28,Shipped
O1759,C70,2024-04-18,Pending
O1760,C42,2025-07-27,Cancelled
O1761,C14,2024-09-08,Delivered
O1762,C198,2024-10-02,Pending
O1763,C148,2023-02-15,Pending
O1764,C131,2025-10-27,Pending
O1765,C51,2025-05-04,Cancelled
O1766,C2,2022-01-07,Delivered
O1767,C70,2022-06-23,Delivered
O1768,C15,2023-11-06,Cancelled
O1769,C40,2023-10-09,Delivered
O1770,C193,2025-07-19,Cancelled
O1771,C172,2022-10-08,Cancelled
O1772,C104,2022-03-08,Pending
O1773,C31,2023-03-19,Pending
O1774,C86,2024-07-06,Pending
O1775,C83,2023-12-02,Delivered
O1776,C169,2022-09-23,Cancelled
O1777,C90,2025-09-18,Delivered
O1778,C123,2022-10-26,Delivered
O1779,C144,2025-12-22,Pending
O1780,C131,2023-07-24,Pending
O1781,C69,2022-09-09,Shipped
O1782,C115,2025-08-27,Delivered
O1783,C16,2023-02-17,Delivered
O1784,C150,2023-01-07,Pending
O1785,C199,2022-09-05,Cancelled
O1786,C68,2024-09-02,Delivered
O1787,C98,2023-06-18,Shipped
O1788,C27,2023-07-10,Shipped
O1789,C150,2022-02-28,Pending
O1790,C186,2024-03-20,Cancelled
O1791,C86,2025-04-11,Shipped
O1792,C42,2022-11-18,Pending
O1793,C18,2022-11-08,Shipped
O1794,C185,2024-05-06,Cancelled
O1795,C13,2022-05-20,Delivered
O1796,C89,2022-06-15,Shipped
O1797,C159,2024-02-11,Shipped
O1798,C137,2024-02-23,Cancelled
O1799,C124,2023-09-25,Delivered
O1800,C113,2022-08-21,Cancelled
O1801,C112,2025-10-17,Delivered
O1802,C200,2024-05-20,Delivered
O1803,C89,2022-03-11,Shipped
O1804,C169,2023-12-10,Delivered
O1805,C106,2025-08-12,Cancelled
O1806,C100,2025-04-21,Cancelled
O1807,C6,2024-02-03,Pending
O1808,C75,2022-11-11,Shipped
O1809,C7,2022-11-16,Pending
O1810,C163,2025-07-10,Pending
O1811,C77,2022-12-01,Shipped
O1812,C125,2025-02-12,Shipped
O1813,C192,2025-11-10,Shipped
O1814,C19,2023-11-06,Delivered
O1815,C182,2023-07-19,Shipped
O1816,C13,2024-06-21,Cancelled
O1817,C103,2022-08-03,Pending
O1818,C167,2025-01-26,Shipped
O1819,C140,2023-08-15,Delivered
O1820,C51,2025-09-20,Pending
O1821,C188,2024-03-23,Shipped
O1822,C103,2025-06-16,Cancelled
O1823,C99,2022-09-11,Cancelled
O1824,C40,2022-02-05,Delivered
O1825,C68,2025-12-06,Shipped
O1826,C91,2023-07-26,Pending
O1827,C177,2022-07-11,Delivered
O1828,C28,2025-01-05,Delivered
O1829,C1,2024-08-18,Pending
O1830,C118,2022-07-07,Shipped
O1831,C120,2023-06-06,Shipped
O1832,C114,2022-10-01,Delivered
O1833,C57,2025-02-12,Delivered
O1834,C63,2022-12-04,Pending
O1835,C126,2024-02-09,Pending
O1836,C109,2023-09-13,Pending
O1837,C39,2023-10-06,Pending
O1838,C61,2024-12-13,Delivered
O1839,C62,2023-08-22,Delivered
O1840,C23,2024-08-06,Shipped
O1841,C186,2022-01-14,Delivered
O1842,C14,2025-09-11,Delivered
O1843,C33,2022-04-23,Cancelled
O1844,C1,2025-07-16,Shipped
O1845,C176,2024-09-21,Cancelled
O1846,C115,2024-11-20,Pending
O1847,C176,2024-09-08,Shipped
O1848,C26,2024-08-03,Cancelled
O1849,C172,2024-10-09,Pending
O1850,C15,2024-09-08,Pending
O1851,C92,2024-04-06,Delivered
O1852,C48,2023-02-06,Cancelled
O1853,C167,2024-06-06,Cancelled
O1854,C83,2024-07-10,Shipped
O1855,C63,2023-03-14,Pending
O1856,C192,2024-04-09,Pending
O1857,C150,2025-10-02,Delivered
O1858,C106,2024-01-27,Pending
O1859,C6,2025-10-08,Cancelled
O1860,C93,2024-07-02,Pending
O1861,C74,2022-06-01,Cancelled
O1862,C97,2024-12-15,Pending
O1863,C142,2022-10-26,Delivered
O1864,C124,2025-10-14,Shipped
O1865,C110,2022-08-09,Shipped
O1866,C60,2024-03-16,Shipped
O1867,C24,2022-06-17,Cancelled
O1868,C105,2022-01-13,Pending
O1869,C48,2023-06-14,Pending
O1870,C20,2022-05-17,Cancelled
O1871,C182,2022-10-25,Shipped
O1872,C47,2025-02-15,Cancelled
O1873,C184,2024-02-04,Shipped
O1874,C5,2022-05-28,Pending
O1875,C134,2022-12-21,Pending
O1876,C70,2022-04-23,Delivered
O1877,C184,2024-06-25,Pending
O1878,C132,2022-02-27,Delivered
O1879,C180,2023-08-28,Cancelled
O1880,C197,2023-10-16,Cancelled
O1881,C96,2022-11-19,Shipped
O1882,C98,2022-01-27,Cancelled
O1883,C48,2022-07-17,Pending
O1884,C43,2024-04-07,Pending
O1885,C131,2022-05-08,Shipped
O1886,C84,2023-04-02,Shipped
O1887,C152,2023-12-21,Pending
O1888,C157,2024-05-05,Cancelled
O1889,C185,2022-01-07,Pending
O1890,C198,2024-03-25,Delivered
O1891,C129,2025-04-22,Delivered
O1892,C83,2025-03-16,Shipped
O1893,C60,2025-04-11,Shipped
O1894,C5,2025-01-24,Pending
O1895,C64,2025-07-22,Delivered
O1896,C171,2024-09-03,Cancelled
O1897,C56,2024-11-09,Pending
O1898,C160,2022-04-09,Cancelled
O1899,C57,2024-12-07,Cancelled
O1900,C185,2023-11-11,Shipped
O1901,C180,2024-02-03,Delivered
O1902,C90,2025-11-14,Cancelled
O1903,C50,2023-05-20,Shipped
O1904,C116,2023-06-26,Pending
O1905,C158,2024-10-01,Pending
O1906,C73,2023-05-11,Delivered
O1907,C43,2025-01-24,Delivered
O1908,C135,2024-11-01,Shipped
O1909,C25,2024-01-09,Pending
O1910,C31,2024-12-16,Delivered
O1911,C194,2023-01-17,Shipped
O1912,C188,2025-07-28,Shipped
O1913,C63,2025-03-11,Cancelled
O1914,C176,2025-07-24,Delivered
O1915,C150,2023-11-13,Shipped
O1916,C34,2024-05-23,Pending
O1917,C47,2025-08-03,Delivered
O1918,C131,2024-08-21,Delivered
O1919,C105,2023-11-23,Cancelled
O1920,C77,2024-06-17,Cancelled
O1921,C199,2022-02-20,Pending
O1922,C34,2022-06-17,Cancelled
O1923,C180,2023-11-14,Cancelled
O1924,C36,2024-02-18,Shipped
O1925,C200,2022-05-15,Cancelled
O1926,C161,2022-12-08,Shipped
O1927,C45,2024-08-17,Cancelled
O1928,C29,2025-10-14,Pending
O1929,C59,2022-11-08,Delivered
O1930,C65,2025-03-28,Delivered
O1931,C45,2024-05-03,Pending
O1932,C55,2022-12-22,Cancelled
O1933,C65,2022-12-19,Delivered
O1934,C70,2023-07-27,Delivered
O1935,C142,2023-10-20,Pending
O1936,C19,2025-07-17,Pending
O1937,C96,2024-08-18,Cancelled
O1938,C162,2022-04-25,Delivered
O1939,C25,2024-09-27,Delivered
O1940,C167,2022-07-21,Shipped
O1941,C116,2024-04-13,Cancelled
O1942,C84,2025-10-01,Pending
O1943,C173,2024-11-19,Shipped
O1944,C196,2025-08-13,Cancelled
O1945,C140,2024-12-25,Shipped
O1946,C191,2022-09-02,Delivered
O1947,C198,2024-08-25,Cancelled
O1948,C152,2022-02-11,Delivered
O1949,C164,2022-10-28,Pending
O1950,C8,2023-03-27,Pending
O1951,C15,2022-12-11,Cancelled
O1952,C101,2025-11-18,Cancelled
O1953,C99,2024-06-28,Pending
O1954,C153,2025-02-09,Cancelled
O1955,C30,2022-12-25,Cancelled
O1956,C32,2022-08-25,Cancelled
O1957,C32,2022-10-13,Pending
O1958,C35,2022-06-21,Shipped
O1959,C83,2023-01-05,Delivered
O1960,C43,2024-01-25,Shipped
O1961,C118,2025-01-24,Pending
O1962,C74,2025-11-01,Delivered
O1963,C39,2025-06-17,Cancelled
O1964,C3,2024-07-23,Pending
O1965,C148,2025-10-06,Cancelled
O1966,C174,2025-06-21,Cancelled
O1967,C21,2025-05-23,Pending
O1968,C196,2022-05-17,Delivered
O1969,C95,2025-05-14,Delivered
O1970,C110,2024-09-06,Cancelled
O1971,C172,2025-05-20,Shipped
O1972,C93,2022-07-19,Delivered
O1973,C62,2025-03-10,Cancelled
O1974,C129,2022-08-01,Delivered
O1975,C24,2024-02-05,Delivered
O1976,C33,2023-12-18,Delivered
O1977,C32,2024-02-08,Shipped
O1978,C37,2024-08-19,Delivered
O1979,C169,2024-12-03,Cancelled
O1980,C36,2022-04-07,Delivered
O1981,C140,2022-02-02,Cancelled
O1982,C187,2024-10-20,Delivered
O1983,C99,2024-02-02,Cancelled
O1984,C8,2024-08-12,Pending
O1985,C187,2024-10-05,Shipped
O1986,C107,2024-05-14,Shipped
O1987,C110,2025-09-07,Shipped
O1988,C16,2022-10-14,Cancelled
O1989,C3,2023-03-03,Cancelled
O1990,C127,2024-02-28,Cancelled
O1991,C124,2025-06-12,Delivered
O1992,C192,2022-02-09,Cancelled
O1993,C131,2024-03-20,Shipped
O1994,C189,2024-10-14,Pending
O1995,C17,2022-10-16,Delivered
O1996,C180,2022-01-25,Pending
O1997,C158,2024-03-09,Pending
O1998,C170,2024-04-08,Pending
O1999,C8,2025-05-25,Cancelled
O2000,C137,2022-09-06,Cancelled
